"","Date","Time","Focal.ID","Groomer","Receiver","Start","End","Duration"
"1","17-Oct-13","10:36","Hee","Hee","Chl","1:46","5:00",194
"2","17-Oct-13","10:36","Hee","Pet","Hee","0:00","1:46",6
"3","17-Oct-13","13:13","Kmy","Plw","Kmy","0:00","4:01",241
"4","22-Oct-13","9:11","Moo","Moo","Nak","0:52","4:10",198
"5","22-Oct-13","9:11","Moo","Nak","Moo","0:00","0:52",52
"6","22-Oct-13","9:11","Moo","Nak","Moo","4:27","5:00",33
"7","22-Oct-13","9:18","Jgr","Jgr","Nak","0:28","1:08",40
"8","22-Oct-13","9:18","Jgr","Jgr","Nak","1:24","2:43",79
"9","22-Oct-13","9:18","Jgr","Nak","Jgr","0:17","0:27",10
"10","22-Oct-13","9:18","Jgr","Nak","Jgr","3:26","5:00",94
"11","22-Oct-13","10:48","Hep","Hep","Jan","4:40","4:53",13
"12","23-Oct-13","9:56","Kng","Fgn","Kng","0:00","0:15",15
"13","23-Oct-13","9:56","Kng","Kng","Fgn","0:15","2:22",127
"14","23-Oct-13","9:56","Kng","Fgn","Kng","2:22","2:35",13
"15","23-Oct-13","9:56","Kng","Kng","Htk","2:48","2:58",10
"16","23-Oct-13","9:56","Kng","Kng","Fgn","3:07","4:13",66
"17","23-Oct-13","9:56","Kng","Kng","Fgn","4:50","5:00",10
"18","23-Oct-13","10:03","Nak","Lhm","Nak","1:06","2:21",75
"19","23-Oct-13","10:03","Nak","Nak","Lhm","0:00","1:06",66
"20","23-Oct-13","10:03","Nak","Nak","Lhm","2:48","4:40",112
"21","23-Oct-13","10:18","Moo","Kwg","Moo","0:00","1:25",85
"22","23-Oct-13","10:18","Moo","Moo","Mrk","1:25","1:50",25
"23","26-Oct-13","9:56","Som","Nak","Som","2:20","2:50",30
"24","29-Oct-13","9:25","Dto","Dto","Lhm","0:35","0:46",11
"25","29-Oct-13","10:53","Hmp","Fhn","Hmp","2:29","5:00",151
"26","29-Oct-13","10:53","Hmp","Hmp","Fhn","0:00","2:29",149
"27","29-Oct-13","11:03","Cht","Asg","Cht","0:12","0:46",34
"28","29-Oct-13","11:03","Cht","Asg","Cht","2:32","5:00",148
"29","29-Oct-13","11:03","Cht","Cht","Asg","0:56","2:32",96
"30","29-Oct-13","11:48","Ngr","Ngr","Noi","2:30","5:00",150
"31","29-Oct-13","12:04","Pri","Mrk","Pri","0:15","0:25",10
"32","29-Oct-13","12:04","Pri","Poo","Pri","0:25","0:40",15
"33","29-Oct-13","12:04","Pri","Pri","Poo","0:40","0:55",15
"34","29-Oct-13","12:04","Pri","Pri","Dam","0:55","1:10",15
"35","29-Oct-13","12:04","Pri","Pri","Poo","1:10","3:20",130
"36","29-Oct-13","12:04","Pri","Pri","Mrk","3:40","3:50",10
"37","30-Oct-13","10:41","Jgr","Jgr","Lhm","3:29","5:00",91
"38","30-Oct-13","10:46","Dam","Dam","Poo","0:16","1:10",54
"39","30-Oct-13","10:46","Dam","Nhk","Dam","4:08","4:41",33
"40","31-Oct-13","9:34","Poo","Kng","Poo","0:15","0:55",40
"41","1-Nov-13","8:32","Nms","Nms","Fgn","0:00","5:00",300
"42","1-Nov-13","8:39","Hkr","Hkr","Suy","0:00","0:06",6
"43","1-Nov-13","8:39","Hkr","Hkr","Suy","2:20","2:42",22
"44","1-Nov-13","8:39","Hkr","Suy","Hkr","0:19","2:20",121
"45","1-Nov-13","8:39","Hkr","Suy","Hkr","4:42","5:00",18
"46","1-Nov-13","8:45","Hmp","Nhk","Hmp","4:22","5:00",38
"47","1-Nov-13","8:45","Hmp","Hmp","Nhk","0:17","0:50",33
"48","1-Nov-13","8:45","Hmp","Nhk","Hmp","1:03","3:39",156
"49","1-Nov-13","9:17","Kwg","Kwg","Moo","","",84
"50","1-Nov-13","9:17","Kwg","Kwg","Fgn","","",32
"51","1-Nov-13","9:17","Kwg","Kwg","Moo","","",184
"52","1-Nov-13","9:26","Fhn","Fhn","Hmp","","",120
"53","1-Nov-13","9:26","Fhn","Hmp","Fhn","","",94
"54","1-Nov-13","9:38","Mgp","Mgp","Kmk","0:00","1:06",66
"55","1-Nov-13","10:00","Fhn","Fhn","Hmp","","",158
"56","1-Nov-13","10:00","Fhn","Hmp","Fhn","","",22
"57","1-Nov-13","10:42","Nhk","Kng","Nhk","","",106
"58","1-Nov-13","10:42","Nhk","Nhk","Kng","","",135
"59","1-Nov-13","11:35","Noi","Kmk","Noi","0:00","5:00",300
"60","1-Nov-13","11:35","Noi","Pet","Noi","3:43","5:00",77
"61","1-Nov-13","11:35","Noi","Pld","Noi","0:00","3:43",223
"62","1-Nov-13","11:40","Pld","Pld","Yng","0:00","4:39",279
"63","2-Nov-13","9:16","Pld","Pet","Pld","0:34","1:13",39
"64","2-Nov-13","9:54","Grb","Grb","Nak","3:02","4:12",70
"65","2-Nov-13","9:54","Grb","Nak","Grb","4:12","5:00",48
"66","2-Nov-13","10:17","Chg","Chg","Hgp","0:31","0:44",13
"67","2-Nov-13","10:17","Chg","Chg","Hgp","1:19","1:35",76
"68","2-Nov-13","10:17","Chg","Chg","Chl","3:16","5:00",104
"69","3-Nov-13","7:50","Htk","Hep","Htk","0:00","1:03",63
"70","3-Nov-13","7:50","Htk","Htk","Hep","1:03","4:04",61
"71","3-Nov-13","8:09","Pri","Asg","Pri","0:00","0:31",31
"72","3-Nov-13","8:09","Pri","Asg","Pri","1:47","2:39",52
"73","3-Nov-13","9:51","Mgp","Jsl","Mgp","0:00","2:05",125
"74","3-Nov-13","9:51","Mgp","Jsl","Mgp","2:17","2:59",32
"75","12-Nov-13","10:47","Fgn","Fgn","Asg","3:25","3:57",32
"76","12-Nov-13","10:53","Kmk","Kmk","Noi","0:00","4:50",290
"77","12-Nov-13","10:53","Kmk","Noi","Kmk","4:50","5:00",10
"78","12-Nov-13","11:21","Nms","Nms","Fgn","0:00","5:00",300
"79","12-Nov-13","11:27","Noi","Kmk","Noi","0:30","3:25",175
"80","12-Nov-13","11:27","Noi","Ngr","Noi","0:00","1:54",114
"81","12-Nov-13","11:51","Lhm","Hmp","Lhm","0:00","5:00",300
"82","12-Nov-13","11:51","Lhm","Lhm","Kwg","2:32","2:59",27
"83","15-Nov-13","7:34","Kwn","Pet","Kwn","0:00","0:30",30
"84","15-Nov-13","7:34","Kwn","Pet","Kwn","0:40","2:00",80
"85","15-Nov-13","7:34","Kwn","Pet","Kwn","2:30","3:00",30
"86","15-Nov-13","7:59","Asg","Asg","Nrk","0:46","0:50",4
"87","15-Nov-13","7:59","Asg","Hee","Asg","2:30","5:00",150
"88","26-Nov-13","7:46","Plw","Kmy","Plw","4:30","5:00",30
"89","26-Nov-13","7:46","Plw","Plw","Kmy","1:38","1:50",12
"90","26-Nov-13","7:46","Plw","Plw","Kmy","2:03","4:30",147
"91","26-Nov-13","8:33","Dam","Dam","Mrk","1:31","5:00",209
"92","26-Nov-13","8:59","Mgp","Mgp","Ngr","3:13","5:00",107
"93","26-Nov-13","8:59","Mgp","Ngr","Mgp","0:00","2:10",130
"94","26-Nov-13","9:05","Poo","Mgp","Poo","3:50","5:00",70
"95","26-Nov-13","9:05","Poo","Poo","Pri","0:00","1:30",90
"96","26-Nov-13","9:05","Poo","Poo","Dam","2:48","3:45",57
"97","26-Nov-13","9:12","Nak","Jgr","Nak","0:00","0:39",39
"98","26-Nov-13","9:12","Nak","Nak","Jgr","0:53","5:00",247
"99","27-Nov-13","8:48","Nee","Htk","Nee","0:00","2:05",125
"100","27-Nov-13","8:48","Nee","Nee","Htk","2:39","2:59",20
"101","27-Nov-13","9:21","Nms","Nms","Pla","2:06","2:25",19
"102","27-Nov-13","9:38","Hee","Hee","Hmp","1:55","2:05",10
"103","27-Nov-13","9:38","Hee","Hmp","Hee","2:05","5:00",175
"104","27-Nov-13","9:44","Lhm","Dto","Lhm","0:00","3:00",180
"105","27-Nov-13","9:44","Lhm","Lhm","Dto","3:23","4:15",52
"106","27-Nov-13","9:44","Lhm","Nak","Lhm","0:00","2:25",145
"107","27-Nov-13","9:50","Mrk","Mrk","Yng","4:10","5:00",50
"108","27-Nov-13","10:19","Kwg","Kwg","Moo","3:11","5:00",109
"109","27-Nov-13","10:38","Ngk","Ngk","Kmk","3:15","5:00",105
"110","28-Nov-13","7:32","Pld","Pet","Pld","3:15","5:00",105
"111","28-Nov-13","7:32","Pld","Pld","Cht","0:00","3:15",165
"112","28-Nov-13","7:37","Mty","Kmk","Mty","0:00","2:50",170
"113","28-Nov-13","7:50","Pet","Pet","Pld","0:00","1:00",60
"114","28-Nov-13","7:50","Pet","Pld","Pet","1:00","4:33",213
"115","28-Nov-13","8:19","Nms","Nms","Fgn","0:25","2:42",137
"116","28-Nov-13","8:19","Nms","Nms","Fgn","4:00","5:00",60
"117","28-Nov-13","8:40","Yak","Mgp","Yak","0:00","3:17",197
"118","28-Nov-13","8:40","Yak","Yak","Mgp","3:34","5:00",86
"119","28-Nov-13","8:46","Pla","Pla","Kmk","3:22","5:00",98
"120","28-Nov-13","8:51","Poo","Nhk","Poo","3:14","5:00",106
"121","28-Nov-13","8:51","Poo","Poo","Nhk","0:00","3:14",194
"122","28-Nov-13","8:56","Mrk","Kng","Mrk","0:00","1:11",71
"123","28-Nov-13","8:56","Mrk","Kng","Mrk","2:45","3:56",71
"124","28-Nov-13","8:56","Mrk","Mrk","Kng","1:11","2:45",94
"125","28-Nov-13","9:02","Lhm","Lhm","Dto","0:00","2:14",134
"126","28-Nov-13","9:07","Jsl","Chg","Jsl","0:00","1:10",70
"127","28-Nov-13","9:07","Jsl","Jsl","Chg","1:10","5:00",230
"128","28-Nov-13","9:12","Chl","Nak","Chl","0:00","5:00",300
"129","28-Nov-13","9:26","Hep","Htk","Hep","0:00","1:39",99
"130","28-Nov-13","9:31","Chg","Chg","Hgp","0:49","1:05",16
"131","28-Nov-13","9:31","Chg","Chg","Jsl","1:05","1:41",36
"132","28-Nov-13","9:31","Chg","Jsl","Chg","3:49","4:20",31
"133","10-Dec-13","16:52","Asg","Asg","Dam","1:05","4:45",220
"134","10-Dec-13","17:17","Mgp","Mgp","Yak","0:00","3:50",230
"135","10-Dec-13","17:17","Mgp","Yak","Mgp","4:10","5:00",50
"136","12-Dec-13","8:51","Ngk","Ngk","Ngr","0:31","2:01",90
"137","12-Dec-13","8:51","Ngk","Ngk","Ngr","2:35","3:45",70
"138","12-Dec-13","9:03","Pri","Poo","Pri","3:50","5:00",70
"139","12-Dec-13","9:19","Moo","Kwg","Moo","0:00","0:20",20
"140","12-Dec-13","9:19","Moo","Moo","Kwg","0:20","2:44",144
"141","12-Dec-13","9:46","Mty","Mty","Ngr","3:20","5:00",100
"142","12-Dec-13","9:52","Jgr","Lhm","Jgr","2:10","3:10",60
"143","12-Dec-13","9:52","Jgr","Lhm","Jgr","3:48","5:00",72
"144","12-Dec-13","9:57","Pld","Pet","Pld","0:00","1:20",80
"145","12-Dec-13","9:57","Pld","Pet","Pld","4:22","5:00",38
"146","12-Dec-13","9:57","Pld","Pld","Pet","2:08","4:22",136
"147","12-Dec-13","10:36","Asg","Asg","Nhk","0:00","1:48",108
"148","12-Dec-13","10:36","Asg","Asg","Nhk","4:26","5:00",34
"149","12-Dec-13","10:36","Asg","Nhk","Asg","2:33","4:26",113
"150","12-Dec-13","10:42","Dam","Poo","Dam","2:42","3:20",38
"151","12-Dec-13","10:42","Dam","Poo","Dam","4:06","4:38",32
"152","12-Dec-13","10:48","Jan","Htk","Jan","4:55","5:00",5
"153","12-Dec-13","11:00","Htk","Htk","Jan","0:00","1:35",95
"154","12-Dec-13","11:00","Htk","Htk","Hep","1:35","3:23",108
"155","12-Dec-13","11:00","Htk","Htk","Jan","3:23","5:00",97
"156","12-Dec-13","11:06","Nhk","Nhk","Pri","0:40","0:50",10
"157","12-Dec-13","11:06","Nhk","Poo","Nhk","4:50","5:00",10
"158","12-Dec-13","11:06","Nhk","Pri","Nhk","1:25","3:02",97
"159","12-Dec-13","11:06","Nhk","Pri","Nhk","3:16","4:16",60
"160","13-Dec-13","9:15","Hmp","Hmp","Fhn","0:00","1:30",90
"161","13-Dec-13","9:15","Hmp","Hmp","Fhn","2:00","5:00",180
"162","13-Dec-13","9:32","Hgp","Hgp","Mgp","0:00","0:35",35
"163","13-Dec-13","9:32","Hgp","Mgp","Hgp","3:45","5:00",75
"164","13-Dec-13","9:52","Dto","Dto","Lhm","1:00","2:54",114
"165","13-Dec-13","9:52","Dto","Lhm","Dto","0:00","0:15",15
"166","13-Dec-13","9:52","Dto","Lhm","Dto","2:54","5:00",66
"167","13-Dec-13","9:59","Mgp","Hgp","Mgp","0:00","2:40",160
"168","13-Dec-13","9:59","Mgp","Mgp","Hgp","2:40","4:50",130
"169","13-Dec-13","10:05","Fgn","Fgn","Nms","4:40","5:00",20
"170","13-Dec-13","10:05","Fgn","Nms","Fgn","0:40","4:40",240
"171","13-Dec-13","10:52","Hee","Hee","Pet","0:40","0:55",15
"172","13-Dec-13","10:52","Hee","Pet","Hee","2:00","2:41",41
"173","13-Dec-13","10:52","Hee","Pet","Hee","4:10","5:00",50
"174","13-Dec-13","11:37","Nee","Htk","Nee","4:26","5:00",34
"175","13-Dec-13","11:37","Nee","Nee","Htk","0:00","4:26",266
"176","13-Dec-13","11:47","Kwg","Moo","Kwg","2:37","4:43",126
"177","13-Dec-13","9:02","Nms","Nms","Ngk","0:00","0:10",10
"178","13-Dec-13","9:02","Nms","Nms","Fgn","0:10","1:00",50
"179","04-janv-14","17:36","Poo","Kng","Poo","3:40","4:10",30
"180","04-janv-14","17:36","Poo","Poo","Dam","0:00","2:50",170
"181","05-janv-14","16:07","Jgr","Lhm","Jgr","0:00","5:00",300
"182","05-janv-14","16:26","Kwg","Kwg","Nrk","1:14","5:00",226
"183","24-janv-14","9:20","Pet","Pet","Pld","2:52","4:44",108
"184","24-janv-14","9:50","Hep","Mrk","Hep","1:05","1:50",45
"185","24-janv-14","10:42","Fhn","Fhn","Hmp","0:34","0:55",11
"186","24-janv-14","10:42","Fhn","Fhn","Hmp","4:30","5:00",30
"187","24-janv-14","10:42","Fhn","Hmp","Fhn","0:00","0:34",34
"188","24-janv-14","10:42","Fhn","Hmp","Fhn","3:30","4:30",60
"189","24-janv-14","10:49","Ngk","Ngk","Pla","0:00","1:33",93
"190","24-janv-14","10:49","Ngk","Ngk","Pla","2:53","5:00",127
"191","25-janv-14","7:39","Fgn","Nms","Fgn","0:00","2:30",150
"192","25-janv-14","8:39","Fhn","Nms","Fhn","2:00","3:15",75
"193","25-janv-14","9:10","Fhn","Fhn","Hmp","2:25","3:30",65
"194","25-janv-14","9:10","Fhn","Hmp","Fhn","0:00","1:00",60
"195","25-janv-14","9:10","Fhn","Hmp","Fhn","4:20","5:00",40
"196","25-janv-14","9:15","Nhk","Poo","Nhk","0:35","1:20",45
"197","25-janv-14","9:24","Nrk","Asg","Nrk","2:35","5:00",145
"198","25-janv-14","9:46","Kng","Mrk","Kng","0:00","5:00",300
"199","26-janv-14","7:42","Nhk","Nhk","Kng","2:30","4:39",129
"200","26-janv-14","8:17","Jan","Htk","Jan","0:00","4:10",250
"201","26-janv-14","8:47","Yng","Mrk","Yng","0:00","5:00",300
"202","26-janv-14","16:56","Fhn","Mrk","Fhn","0:00","1:05",65
"203","26-janv-14","17:02","Ngr","Mrk","Ngr","0:00","5:00",300
"204","27-janv-14","7:31","Fhn","Hmp","Fhn","4:30","5:00",30
"205","27-janv-14","7:37","Nhk","Mrk","Nhk","2:04","5:00",176
"206","27-janv-14","7:37","Nhk","Nhk","Mrk","1:31","2:04",33
"207","27-janv-14","7:47","Noi","Kmk","Noi","3:14","5:00",106
"208","27-janv-14","7:47","Noi","Nee","Noi","0:00","3:14",194
"209","27-janv-14","8:27","Dto","Dto","Jgr","1:45","3:00",75
"210","27-janv-14","8:27","Dto","Dto","Lhm","3:00","4:15",75
"211","27-janv-14","8:38","Lhm","Dto","Lhm","1:15","5:00",225
"212","27-janv-14","8:38","Lhm","Lhm","Dto","0:00","1:15",75
"213","27-janv-14","9:03","Kmk","Kmk","Noi","0:00","5:00",300
"214","27-janv-14","9:10","Mrk","Mrk","Kng","0:00","5:00",300
"215","27-janv-14","9:26","Nhk","Nhk","Hmp","0:00","5:00",300
"216","29-janv-14","16:39","Nhk","Moo","Nhk","0:00","3:41",221
"217","29-janv-14","16:39","Nhk","Nhk","Poo","4:09","4:52",43
"218","29-janv-14","18:13","Hep","Htk","Hep","0:00","2:44",164
"219","29-janv-14","18:13","Hep","Mrk","Hep","0:00","2:44",164
"220","30-janv-14","17:58","Fhn","Hmp","Fhn","0:00","4:50",290
"221","3-Feb-14","15:24","Fhn","Fhn","Hmp","2:30","4:15",105
"222","3-Feb-14","15:24","Fhn","Hmp","Fhn","1:45","2:30",45
"223","3-Feb-14","16:34","Pri","Hmp","Pri","4:30","5:00",30
"224","3-Feb-14","16:34","Pri","Pri","Hmp","3:55","4:30",35
"225","3-Feb-14","17:39","Hep","Htk","Hep","2:15","2:50",35
"226","3-Feb-14","17:39","Hep","Jan","Hep","4:20","5:00",40
"227","3-Feb-14","17:50","Dam","Asg","Dam","3:44","5:00",76
"228","3-Feb-14","17:50","Dam","Dam","Asg","0:00","3:10",190
"229","4-Feb-14","17:04","Fhn","Hmp","Fhn","0:00","4:00",240
"230","4-Feb-14","17:34","Hee","Hee","Grb","4:50","5:00",10
"231","8-Feb-14","7:51","Nhk","Mrk","Nhk","2:50","3:10",20
"232","8-Feb-14","7:51","Nhk","Nhk","Mrk","3:10","5:00",110
"233","8-Feb-14","8:16","Fhn","Hmp","Fhn","0:00","2:10",130
"234","8-Feb-14","8:16","Fhn","Mty","Fhn","3:15","3:30",15
"235","10-Feb-14","15:28","Kwg","Nee","Kwg","1:00","3:00",120
"236","10-Feb-14","16:03","Hkr","Nms","Hkr","0:00","2:50",170
"237","10-Feb-14","16:09","Hep","Htk","Hep","4:45","5:00",15
"238","10-Feb-14","16:09","Hep","Mrk","Hep","2:20","4:45",145
"239","13-Feb-14","17:16","Plw","Kmy","Plw","3:40","5:00",80
"240","13-Feb-14","17:16","Plw","Plw","Kmy","2:20","3:40",80
"241","13-Feb-14","17:21","Kmy","Kmy","Plw","0:00","5:00",300
"242","17-Feb-14","16:50","Kwg","Ngk","Kwg","1:40","5:00",200
"243","17-Feb-14","16:50","Kwg","Nhk","Kwg","0:55","4:55",240
"244","17-Feb-14","16:57","Fhn","Kwg","Fhn","2:15","5:00",165
"245","17-Feb-14","17:02","Kwg","Kwg","Fhn","0:15","1:40",95
"246","17-Feb-14","17:02","Kwg","Kwg","Nrk","4:15","5:00",45
"247","17-Feb-14","17:02","Kwg","Ngk","Kwg","3:20","5:00",100
"248","18-Feb-14","14:35","Nhk","Nhk","Poo","4:15","5:00",45
"249","18-Feb-14","17:03","Nhk","Htk","Nhk","2:45","5:00",135
"250","19-Feb-14","8:34","Yng","Suy","Yng","0:00","2:20",140
"251","19-Feb-14","8:51","Nee","Nee","Poo","0:30","0:50",20
"252","19-Feb-14","9:06","Fhn","Fhn","Hmp","0:40","3:05",145
"253","19-Feb-14","9:06","Fhn","Hmp","Fhn","3:15","3:25",10
"254","19-Feb-14","9:06","Fhn","Hmp","Fhn","3:25","5:00",95
"255","19-Feb-14","15:42","Chl","Dto","Chl","4:10","5:00",50
"256","19-Feb-14","16:59","Nhk","Mrk","Nhk","2:00","3:00",60
"257","20-Feb-14","7:51","Nhk","Mrk","Nhk","0:00","5:00",300
"258","20-Feb-14","7:51","Nhk","Ngk","Nhk","0:00","2:15",135
"259","20-Feb-14","7:56","Mrk","Mrk","Nhk","2:50","5:00",130
"260","20-Feb-14","8:08","Fhn","Nhk","Fhn","1:35","2:00",25
"261","20-Feb-14","8:08","Fhn","Poo","Fhn","0:30","1:15",45
"262","20-Feb-14","8:57","Hep","Dam","Hep","0:00","2:40",160
"263","20-Feb-14","8:57","Hep","Pld","Hep","2:05","3:50",105
"264","20-Feb-14","9:02","Hep","Dam","Hep","0:00","1:25",85
"265","20-Feb-14","9:02","Hep","Ngk","Hep","1:25","5:00",215
"266","20-Feb-14","9:09","Kwg","Kwg","Fhn","4:30","5:00",30
"267","20-Feb-14","9:09","Kwg","Mrk","Kwg","3:50","4:25",35
"268","20-Feb-14","9:15","Kwg","Kwg","Fhn","4:30","5:00",30
"269","20-Feb-14","9:26","Hep","Kwg","Hep","0:00","2:00",120
"270","20-Feb-14","9:30","Fhn","Nee","Fhn","0:00","5:00",300
"271","20-Feb-14","9:33","Nhk","Nhk","Hmp","0:30","0:50",20
"272","20-Feb-14","9:45","Pet","Pet","Noi","0:00","5:00",300
"273","20-Feb-14","9:59","Noi","Nee","Noi","0:00","5:00",300
"274","24-Feb-14","17:44","Fhn","Fhn","Hmp","3:20","5:00",100
"275","24-Feb-14","17:44","Fhn","Hmp","Fhn","0:00","3:20",200
"276","25-Feb-14","16:34","Nhk","Jan","Nhk","1:50","3:00",70
"277","25-Feb-14","16:34","Nhk","Nhk","Htk","0:00","0:15",15
"278","25-Feb-14","16:34","Nhk","Nhk","Jan","0:45","1:05",20
"279","25-Feb-14","16:50","Kwg","Nee","Kwg","2:35","5:00",145
"280","26-Feb-14","17:14","Htk","Htk","Noi","1:40","4:00",140
"281","26-Feb-14","17:14","Htk","Pld","Htk","0:00","0:30",30
"282","26-Feb-14","17:56","Hep","Nee","Hep","3:05","5:00",115
"283","26-Feb-14","18:00","Nhk","Nee","Nhk","0:20","3:30",190
"284","27-Feb-14","18:06","Hep","Kmk","Hep","2:55","3:40",45
"285","02-mars-14","9:41","Pet","Pet","Pld","0:00","3:00",180
"286","02-mars-14","9:41","Pet","Pet","Pld","4:55","5:00",5
"287","02-mars-14","10:36","Nee","Htk","Nee","1:20","3:30",130
"288","02-mars-14","16:51","Kmk","Kmk","Mty","3:50","4:05",15
"289","02-mars-14","16:51","Kmk","Kmk","Mty","4:45","5:00",15
"290","02-mars-14","16:51","Kmk","Yng","Kmk","0:00","2:20",140
"291","03-mars-14","10:22","Hep","Nhk","Hep","0:50","2:10",80
"292","04-mars-14","9:43","Pla","Ngk","Pla","0:35","4:00",205
"293","04-mars-14","10:06","Kwg","Fhn","Kwg","2:20","4:00",100
"294","04-mars-14","10:06","Kwg","Hkr","Kwg","4:10","5:00",50
"295","04-mars-14","10:17","Nhk","Lhm","Nhk","2:30","2:45",15
"296","04-mars-14","10:17","Nhk","Ngk","Nhk","0:25","1:30",65
"297","04-mars-14","10:17","Nhk","Nhk","Ngk","3:00","4:55",115
"298","04-mars-14","12:48","Hee","Chk","Hee","3:55","4:30",45
"299","05-mars-14","8:51","Cht","Cht","Nhk","0:00","5:00",300
"300","05-mars-14","8:57","Asg","Asg","Hmp","2:15","4:20",125
"301","05-mars-14","8:57","Asg","Asg","Fgn","4:20","5:00",40
"302","05-mars-14","8:57","Asg","Fgn","Asg","0:00","2:00",120
"303","05-mars-14","8:57","Asg","Fgn","Asg","2:20","4:20",120
"304","05-mars-14","9:03","Pri","Poo","Pri","0:00","5:00",300
"305","06-mars-14","15:57","Pet","Hee","Pet","3:25","4:05",40
"306","06-mars-14","15:57","Pet","Pet","Hee","4:05","5:00",55
"307","08-mars-14","15:03","Nhk","Nhk","Poo","0:50","1:05",15
"308","08-mars-14","16:28","Pet","Pet","Hee","0:00","0:40",40
"309","08-mars-14","16:28","Pet","Pet","Hee","2:45","5:00",135
"310","09-mars-14","13:37","Nhk","Mrk","Nhk","3:05","5:00",115
"311","10-mars-14","13:18","Nhk","Jan","Nhk","4:00","5:00",60
"312","11-mars-14","17:46","Nrk","Nrk","Mrk","2:00","5:00",180
"313","12-mars-14","8:22","Mrk","Mrk","Yng","0:00","1:40",100
"314","12-mars-14","8:28","Nhk","Pld","Nhk","3:15","4:10",55
"315","12-mars-14","8:40","Kmk","Kng","Kmk","3:40","4:20",40
"316","12-mars-14","8:40","Kmk","Mrk","Kmk","0:00","0:20",20
"317","12-mars-14","8:40","Kmk","Mrk","Kmk","0:40","1:33",53
"318","12-mars-14","8:40","Kmk","Mty","Kmk","1:55","3:20",85
"319","12-mars-14","8:48","Yng","Yng","Pet","0:00","1:00",60
"320","12-mars-14","16:35","Chl","Nak","Chl","0:00","4:20",260
"321","12-mars-14","17:13","Pld","Nrk","Pld","3:40","5:00",80
"322","13-mars-14","15:54","Kwg","Yng","Kwg","0:00","1:00",60
"323","13-mars-14","16:25","Mrk","Nrk","Mrk","0:00","4:20",260
"324","13-mars-14","17:39","Mrk","Mrk","Nee","0:00","1:15",75
"325","14-mars-14","8:23","Kwg","Kwg","Nrk","0:00","0:15",15
"326","14-mars-14","8:23","Kwg","Kwg","Moo","4:05","5:00",55
"327","14-mars-14","9:54","Nhk","Hkr","Nhk","2:30","5:00",150
"328","14-mars-14","10:01","Kwg","Kwg","Nrk","0:55","2:05",70
"329","14-mars-14","18:02","Fhn","Mrk","Fhn","3:30","5:00",90
"330","18-mars-14","12:26","Mrk","Htk","Mrk","0:00","0:25",25
"331","18-mars-14","12:26","Mrk","Mrk","Htk","0:30","3:00",150
"332","18-mars-14","12:26","Mrk","Mrk","Hmp","3:15","5:00",105
"333","18-mars-14","13:21","Pet","Hee","Pet","2:00","3:00",180
"334","18-mars-14","13:21","Pet","Pet","Hee","0:30","0:50",20
"335","18-mars-14","13:21","Pet","Pet","Hee","1:05","1:55",50
"336","18-mars-14","13:21","Pet","Pet","Hee","4:15","5:00",45
"337","18-mars-14","13:41","Mrk","Mrk","Ngr","0:00","5:00",300
"338","19-mars-14","13:42","Mrk","Jan","Mrk","0:00","2:30",150
"339","19-mars-14","13:42","Mrk","Mrk","Jan","2:00","3:30",90
"340","19-mars-14","13:48","Nak","Mrk","Nak","1:20","5:00",220
"341","20-mars-14","13:43","Mrk","Mrk","Yng","0:30","2:45",135
"342","20-mars-14","13:43","Mrk","Noi","Mrk","0:00","0:30",30
"343","20-mars-14","13:43","Mrk","Mrk","Mty","2:45","4:25",40
"344","20-mars-14","13:43","Mrk","Mrk","Noi","4:25","5:00",35
"345","20-mars-14","14:08","Jan","Mrk","Jan","4:10","5:00",50
"346","21-mars-14","14:29","Hee","Pet","Hee","4:30","5:00",30
"347","22-mars-14","10:40","Kwg","Lhm","Kwg","0:20","1:35",75
"348","23-mars-14","11:19","Nhk","Nee","Nhk","2:00","5:00",180
"349","23-mars-14","11:24","Mrk","Nrk","Mrk","0:00","4:30",270
"350","23-mars-14","11:50","Fhn","Hmp","Fhn","0:20","2:25",125
"351","23-mars-14","12:17","Mgp","Lhm","Mgp","0:00","5:00",300
"352","23-mars-14","15:24","Nhk","Nee","Nhk","0:00","1:15",75
"353","24-mars-14","13:21","Mrk","Mrk","Hmp","2:40","5:00",140
"354","24-mars-14","15:42","Mrk","Mrk","Pla","1:10","1:45",35
"355","26-mars-14","12:41","Mrk","Mrk","Nrk","0:35","2:35",120
"356","26-mars-14","12:41","Mrk","Mrk","Moo","2:45","5:00",135
"357","26-mars-14","12:41","Mrk","Nrk","Mrk","0:00","0:20",20
"358","26-mars-14","12:49","Kwg","Kwg","Moo","1:55","2:50",55
"359","27-mars-14","16:11","Kmy","Kmy","Grb","3:20","5:00",100
"360","27-mars-14","17:34","Pla","Poo","Pla","3:05","5:00",115
"361","27-mars-14","18:01","Nhk","Nhk","Mrk","0:00","1:00",60
"362","1-Apr-14","8:39","Fhn","Nrk","Fhn","0:00","5:00",300
"363","2-Apr-14","8:35","Mty","Mty","Ngr","2:50","5:00",130
"364","2-Apr-14","8:46","Suy","Suy","Yng","0:00","1:40",100
"365","3-Apr-14","12:45","Mrk","Nee","Mrk","0:00","1:20",80
"366","3-Apr-14","12:45","Mrk","Poo","Mrk","1:20","5:00",220
"367","4-Apr-14","10:52","Poo","Poo","Mrk","0:00","0:40",40
"368","4-Apr-14","10:52","Poo","Poo","Mrk","1:45","3:00",75
"369","4-Apr-14","12:42","Mrk","Mrk","Noi","0:00","5:00",300
"370","4-Apr-14","12:49","Ngr","Ngr","Nms","3:00","5:00",120
"371","4-Apr-14","12:49","Ngr","Nms","Ngr","0:00","3:00",180
"372","6-Apr-14","13:06","Mrk","Kmk","Mrk","4:30","4:50",20
"373","6-Apr-14","13:06","Mrk","Mrk","Htk","0:00","4:15",255
"374","6-Apr-14","13:11","Yng","Htk","Yng","1:15","5:00",225
"375","6-Apr-14","16:54","Jgr","Jgr","Nak","0:00","1:45",105
"376","6-Apr-14","16:54","Jgr","Nak","Jgr","1:45","5:00",195
"377","8-Apr-14","13:37","Ngr","Poo","Ngr","0:00","1:00",60
"378","9-Apr-14","13:36","Jan","Htk","Jan","1:50","2:35",45
"379","9-Apr-14","13:36","Jan","Nrk","Jan","0:00","1:50",110
"380","9-Apr-14","15:31","Poo","Poo","Ngr","1:25","2:45",80
"381","9-Apr-14","15:31","Poo","Poo","Pla","2:45","5:00",135
"382","11-Apr-14","17:12","Moo","Kwg","Moo","2:35","5:00",125
"383","15-Apr-14","12:36","Yng","Suy","Yng","2:20","2:35",15
"384","15-Apr-14","12:36","Yng","Yng","Mrk","2:20","5:00",160
"385","15-Apr-14","12:51","Nee","Nee","Pet","2:45","3:40",55
"386","15-Apr-14","12:51","Nee","Nee","Ngr","3:40","4:25",45
"387","15-Apr-14","13:03","Jan","Jan","Nhk","0:55","5:00",245
"388","16-Apr-14","8:26","Poo","Dam","Poo","1:50","3:15",85
"389","16-Apr-14","8:26","Poo","Nrk","Poo","1:50","3:15",85
"390","16-Apr-14","11:31","Mrk","Nhk","Mrk","0:00","3:00",180
"391","16-Apr-14","11:31","Mrk","Poo","Mrk","0:00","3:00",180
"392","17-Apr-14","8:34","Ngr","Mrk","Ngr","4:40","5:00",20
"393","17-Apr-14","8:38","Mrk","Ngr","Mrk","0:40","5:00",260
"394","17-Apr-14","12:51","Hee","Hee","Chl","2:50","5:00",130
"395","17-Apr-14","12:51","Hee","Hee","Chl","3:20","5:00",100
"396","18-Apr-14","13:30","Nhk","Nms","Nhk","2:20","5:00",160
"397","18-Apr-14","13:46","Mrk","Mrk","Pet","0:00","1:10",70
"398","19-Apr-14","12:07","Pet","Pet","Noi","1:20","3:10",110
"399","19-Apr-14","12:11","Nms","Mty","Nms","0:35","5:00",265
"400","19-Apr-14","12:11","Nms","Nms","Mty","0:00","0:35",35
"401","20-Apr-14","14:16","Ngr","Ngr","Nhk","1:20","2:00",40
"402","20-Apr-14","14:27","Kwg","Mrk","Kwg","0:00","1:30",90
"403","20-Apr-14","14:27","Kwg","Kwg","Nhk","2:45","5:00",135
"404","20-Apr-14","14:58","Poo","Poo","Nhk","0:00","1:00",60
"405","21-Apr-14","13:01","Kwg","Ngr","Kwg","0:50","5:00",250
"406","27-Apr-14","8:26","Poo","Ngr","Poo","0:00","5:00",300
"407","27-Apr-14","8:32","Ngr","Jan","Ngr","2:00","2:40",40
"408","27-Apr-14","8:43","Asg","Asg","Hmp","2:30","5:00",150
"409","27-Apr-14","8:50","Hmp","Fhn","Hmp","0:00","2:00",120
"410","27-Apr-14","8:50","Hmp","Hmp","Fhn","2:00","3:10",70
"411","27-Apr-14","13:26","Ngr","Mrk","Ngr","0:00","2:30",150
"412","28-Apr-14","8:36","Yng","Noi","Yng","2:40","5:00",140
"413","28-Apr-14","8:36","Yng","Yng","Noi","0:00","2:40",160
"414","28-Apr-14","8:41","Kwg","Kwg","Ngr","0:45","2:45",120
"415","28-Apr-14","8:41","Kwg","Ngr","Kwg","0:00","0:45",45
"416","28-Apr-14","8:41","Kwg","Ngr","Kwg","2:45","5:00",135
"417","28-Apr-14","8:47","Ngr","Kwg","Ngr","0:00","0:20",20
"418","28-Apr-14","8:47","Ngr","Ngr","Mrk","0:00","2:00",120
"419","28-Apr-14","9:06","Kmk","Kmk","Pet","0:00","1:05",65
"420","28-Apr-14","10:42","Jsl","Chg","Jsl","3:15","5:00",105
"421","28-Apr-14","11:39","Lhm","Yng","Lhm","0:00","5:00",300
"422","29-Apr-14","9:13","Asg","Asg","Nrk","1:00","2:30",90
"423","29-Apr-14","10:48","Yak","Som","Yak","2:35","5:00",145
"424","30-Apr-14","9:33","Mrk","Poo","Mrk","0:00","5:00",300
"425","1-May-14","8:25","Poo","Suy","Poo","0:00","5:00",300
"426","1-May-14","8:36","Pla","Pld","Pla","0:00","5:00",300
"427","1-May-14","10:41","Kmk","Hep","Kmk","2:00","5:00",180
"428","1-May-14","9:02","Mrk","Mrk","Kmk","0:40","3:40",180
"429","2-May-14","8:37","Kwg","Kwg","Moo","4:00","5:00",60
"430","2-May-14","8:47","Yng","Hmp","Yng","0:00","0:30",30
"431","2-May-14","9:09","Pet","Pet","Poo","2:00","2:15",15
"432","2-May-14","9:09","Pet","Pet","Poo","3:05","3:15",10
"433","2-May-14","10:09","Pet","Pet","Mrk","3:50","5:00",70
"434","2-May-14","13:09","Chg","Chg","Dto","4:10","4:20",10
"435","2-May-14","13:09","Chg","Nak","Chg","4:20","5:00",40
"436","3-May-14","8:27","Kmk","Mty","Kmk","3:20","4:00",40
"437","3-May-14","8:27","Kmk","Nhk","Kmk","0:00","5:00",300
"438","3-May-14","12:55","Mrk","Poo","Mrk","0:00","2:20",140
"439","4-May-14","11:50","Poo","Mrk","Poo","1:30","3:00",90
"440","4-May-14","12:30","Ngr","Noi","Ngr","0:00","2:05",145
"441","4-May-14","14:40","Mrk","Mrk","Kng","0:00","5:00",300
"442","5-May-14","10:42","Ngr","Ngk","Ngr","4:50","5:00",10
"443","6-May-14","14:18","Mrk","Mrk","Poo","3:15","5:00",105
"444","6-May-14","14:35","Kmk","Kmk","Yng","0:00","3:00",180
"445","6-May-14","14:35","Kmk","Yng","Kmk","3:00","5:00",120
"446","12-May-14","11:53","Kmk","Dam","Kmk","0:00","0:45",45
"447","12-May-14","11:53","Kmk","Kmk","Dam","0:45","1:00",15
"448","12-May-14","11:53","Kmk","Dam","Kmk","2:20","3:40",80
"449","12-May-14","11:53","Kmk","Kmk","Suy","1:00","2:00",60
"450","12-May-14","11:53","Kmk","Suy","Kmk","3:40","5:00",80
"451","13-May-14","6:36","Pla","Kwg","Pla","3:10","4:40",90
"452","13-May-14","6:56","Kmk","Lhm","Kmk","0:00","1:30",90
"453","13-May-14","8:43","Nms","Nms","Ngr","0:00","5:00",300
"454","13-May-14","9:17","Kng","Kng","Mrk","0:00","1:00",60
"455","14-May-14","8:03","Kmk","Kwg","Kmk","4:20","5:00",40
"456","14-May-14","8:03","Kmk","Mrk","Kmk","0:00","3:00",180
"457","15-May-14","6:50","Pet","Pet","Kmy","4:50","5:00",10
"458","15-May-14","8:37","Hmp","Mrk","Hmp","0:00","2:05",125
"459","16-May-14","7:48","Asg","Asg","Hmp","0:00","2:40",160
"460","16-May-14","8:48","Kmy","Hee","Kmy","2:25","5:00",155
"461","18-May-14","7:31","Chl","Chg","Chl","0:00","0:40",40
"462","18-May-14","7:39","Kmk","Kmk","Cht","0:00","5:00",300
"463","18-May-14","14:43","Pla","Poo","Pla","2:30","3:25",55
"464","18-May-14","14:43","Pla","Poo","Pla","2:30","5:00",150
"465","19-May-14","11:31","Yng","Poo","Yng","1:05","3:00",115
"466","24-May-14","7:01","Kwg","Kwg","Pla","4:35","5:00",25
"467","24-May-14","8:29","Nee","Nee","Jan","2:40","3:20",40
"468","24-May-14","8:34","Chg","Chg","Chl","0:00","5:00",300
"469","24-May-14","9:20","Jsl","Jsl","Nak","0:00","2:20",140
"470","24-May-14","9:20","Jsl","Nak","Jsl","2:20","5:00",160
"471","24-May-14","9:23","Mgp","Mgp","Suy","0:00","3:35",215
"472","24-May-14","9:23","Mgp","Suy","Mgp","3:35","5:00",85
"473","25-May-14","9:13","Jan","Mrk","Jan","4:50","5:00",10
"474","25-May-14","9:29","Chk","Chk","Kmk","0:00","5:00",300
"475","26-May-14","9:16","Kng","Chg","Kng","2:20","2:35",15
"476","26-May-14","9:16","Kng","Kng","Chg","0:00","2:20",140
"477","27-May-14","6:27","Kmk","Kmk","Pla","2:10","2:30",20
"478","28-May-14","10:45","Chg","Chg","Chl","0:00","2:15",135
"479","30-May-14","8:05","Kmk","Mrk","Kmk","1:00","1:55",55
"480","30-May-14","8:27","Nms","Nms","Pla","1:15","2:55",100
"481","31-May-14","7:26","Pla","Ngk","Pla","0:00","1:55",115
"482","02-juin-14","7:38","Chg","Chg","Jsl","4:30","5:00",30
"483","02-juin-14","7:38","Chg","Jsl","Chg","3:20","4:30",70
"484","02-juin-14","7:55","Yng","Nhk","Yng","0:00","1:30",90
"485","12-juin-14","8:28","Mty","Kmk","Mty","3:15","4:20",65
"486","12-juin-14","8:38","Kmk","Kmk","Yng","4:55","5:00",5
"487","12-juin-14","8:44","Chl","Pet","Chl","2:05","5:00",175
"488","14-juin-14","7:15","Ngk","Kmk","Ngk","3:45","5:00",75
"489","22-juin-14","8:05","Kwg","Kwg","Moo","1:10","2:05",55
"490","22-juin-14","8:05","Kwg","Moo","Kwg","0:00","1:10",70
"491","22-juin-14","8:10","Jsl","Chg","Jsl","3:50","5:00",70
"492","22-juin-14","8:10","Jsl","Jsl","Chg","0:00","0:55",55
"493","22-juin-14","8:10","Jsl","Jsl","Chg","2:10","3:50",100
"494","22-juin-14","9:13","Dam","Asg","Dam","2:50","3:50",60
"495","22-juin-14","9:13","Dam","Dam","Asg","3:50","4:20",30
"496","22-juin-14","9:18","Asg","Mty","Asg","0:00","5:00",300
"497","22-juin-14","9:41","Jan","Jan","Kwn","0:00","1:00",60
"498","22-juin-14","9:41","Jan","Kwn","Jan","1:00","3:20",140
"499","23-juin-14","9:43","Nee","Nee","Chg","0:00","5:00",300
"500","23-juin-14","10:00","Mrk","Htk","Mrk","0:00","3:20",200
"501","07-juil-14","8:03","Plw","Nee","Plw","0:00","2:00",120
"502","07-juil-14","8:03","Plw","Nee","Plw","0:00","2:00",120
"503","07-juil-14","8:03","Plw","Plw","Nee","2:30","5:00",150
"504","07-juil-14","8:03","Plw","Plw","Nee","2:30","5:00",150
"505","07-juil-14","8:13","Hkr","Nms","Hkr","0:40","1:35",55
"506","07-juil-14","8:13","Hkr","Nms","Hkr","3:50","5:00",70
"507","07-juil-14","8:26","Kng","Mrk","Kng","0:45","5:00",255
"508","07-juil-14","8:34","Pet","Pet","Kng","0:00","1:00",60
"509","07-juil-14","8:34","Pet","Pet","Kng","0:00","0:50",50
"510","07-juil-14","8:34","Pet","Pet","Kmk","1:00","2:45",105
"511","07-juil-14","8:46","Chl","Nee","Chl","3:20","3:40",20
"512","07-juil-14","8:52","Nee","Nee","Suy","0:00","1:30",90
"513","09-juil-14","8:00","Poo","Nms","Poo","0:00","0:40",40
"514","09-juil-14","8:00","Poo","Nms","Poo","1:45","2:35",50
"515","10-juil-14","9:16","Kng","Kmk","Kng","0:15","5:00",285
"516","10-juil-14","9:21","Kmk","Kmk","Kng","0:00","2:50",170
"517","12-juil-14","7:29","Suy","Kmy","Suy","2:30","2:50",20
"518","12-juil-14","7:29","Suy","Suy","Kmy","0:00","2:30",150
"519","12-juil-14","7:29","Suy","Suy","Plw","3:30","5:00",90
"520","22-juil-14","9:19","Plw","Plw","Suy","0:45","5:00",255
"521","22-juil-14","9:29","Jsl","Chg","Jsl","3:50","4:20",30
"522","22-juil-14","9:29","Jsl","Jsl","Chg","0:00","1:30",90
"523","23-juil-14","9:07","Nms","Nms","Poo","1:10","3:30",140
"524","24-juil-14","9:38","Lhm","Asg","Lhm","0:00","5:00",300
"525","26-juil-14","9:21","Mty","Mty","Nee","0:25","1:20",55
"526","27-juil-14","10:57","Plw","Suy","Plw","1:00","5:00",240
"527","28-juil-14","13:11","Yng","Yng","Plw","3:20","5:00",100
"528","28-juil-14","13:16","Nhk","Mrk","Nhk","0:30","4:00",210
"529","28-juil-14","13:22","Nak","Moo","Nak","3:30","4:50",80
"530","28-juil-14","13:22","Nak","Nak","Moo","4:50","5:00",10
"531","4-Aug-14","9:03","Pet","Pet","Pld","0:00","1:05",65
"532","5-Aug-14","8:32","Jan","Mrk","Jan","0:20","0:35",15
"533","7-Aug-14","7:35","Nms","Nms","Fgn","3:50","5:00",70
"534","9-Aug-14","8:30","Chk","Chk","Jan","0:00","5:00",300
"535","19-Aug-14","8:41","Ngk","Mrk","Ngk","1:20","2:00",40
"536","20-Aug-14","8:00","Krb","Suy","Krb","0:35","1:35",60
"537","20-Aug-14","8:15","Dam","Asg","Dam","0:00","1:35",95
"538","20-Aug-14","8:55","Krg","Krg","Nms","3:00","5:00",120
"539","20-Aug-14","8:55","Krg","Nms","Krg","0:00","3:00",180
"540","22-Aug-14","9:09","Yng","Yng","Hgp","1:25","5:00",215
"541","24-Aug-14","7:35","Kng","Poo","Kng","2:00","5:00",180
"542","24-Aug-14","8:21","Moo","Moo","Dto","2:05","5:00",175
"543","1-Sep-14","8:34","Kmk","Kmk","Ngk","1:15","2:15",60
"544","3-Sep-14","9:11","Mgp","Mgp","Jsl","2:25","4:30",125
"545","7-Sep-14","7:29","Jsl","Chg","Jsl","0:00","1:35",95
"546","7-Sep-14","7:29","Jsl","Jsl","Chg","1:35","5:00",205
"547","7-Sep-14","7:41","Kng","Asg","Kng","3:50","5:00",70
"548","7-Sep-14","7:41","Kng","Kng","Asg","0:00","3:50",230
"549","8-Sep-14","8:38","Asg","Asg","Dam","1:00","5:00",240
"550","8-Sep-14","8:59","Hmp","Hmp","Krg","0:00","1:50",110
"551","9-Sep-14","8:40","Plw","Fhn","Plw","0:00","3:15",195
"552","10-Sep-14","10:22","Hkr","Hkr","Kmy","0:00","0:25",25
"553","10-Sep-14","10:22","Hkr","Hkr","Plw","0:25","5:00",275
"554","10-Sep-14","10:28","Nak","Mgp","Nak","0:40","2:30",110
"555","23-Sep-14","8:05","Asg","Asg","Moo","2:30","5:00",150
"556","23-Sep-14","8:10","Moo","Asg","Moo","0:00","0:55",55
"557","23-Sep-14","8:10","Moo","Moo","Asg","0:55","2:00",105
"558","23-Sep-14","8:30","Yak","Mgp","Yak","0:55","5:00",245
"559","23-Sep-14","8:35","Pet","Lhm","Pet","0:00","5:00",300
"560","23-Sep-14","8:35","Pet","Pld","Pet","0:00","1:45",105
"561","28-Sep-14","8:05","Suy","Nms","Suy","1:30","3:20",110
"562","28-Sep-14","8:05","Suy","Nms","Suy","4:25","5:00",35
"563","28-Sep-14","8:05","Suy","Suy","Nms","0:00","1:30",90
"564","28-Sep-14","8:05","Suy","Suy","Nms","3:30","4:25",55
"565","13-Oct-14","7:11","Nms","Fgn","Nms","4:40","5:00",20
"566","13-Oct-14","7:11","Nms","Nms","Fgn","0:00","4:40",280
"567","13-Oct-14","7:16","Moo","Hee","Moo","4:15","5:00",45
"568","13-Oct-14","7:16","Moo","Moo","Hee","0:00","4:15",255
"569","18-Oct-14","9:11","Chg","Chg","Jsl","3:10","5:00",50
"570","18-Oct-14","9:16","Jsl","Chg","Jsl","0:00","0:35",35
"571","18-Oct-14","9:16","Jsl","Chg","Jsl","4:10","5:00",50
"572","18-Oct-14","9:16","Jsl","Jsl","Chg","0:35","4:00",205
"573","19-Oct-14","8:14","Dam","Dam","Poo","0:00","1:25",85
"574","19-Oct-14","8:14","Dam","Poo","Dam","1:25","5:00",215
"575","19-Oct-14","8:36","Hmp","Hmp","Kng","1:45","2:20",35
"576","19-Oct-14","8:36","Hmp","Kng","Hmp","0:00","1:45",105
"577","19-Oct-14","8:36","Hmp","Kng","Hmp","2:20","5:00",160
"578","20-Oct-14","8:48","Poo","Dam","Poo","0:00","2:35",155
"579","20-Oct-14","8:48","Poo","Dam","Poo","4:00","5:00",60
"580","20-Oct-14","8:48","Poo","Poo","Dam","3:20","4:00",40
"581","22-Oct-14","7:47","Nak","Nak","Yak","3:30","5:00",90
"582","23-Oct-14","8:24","Hkr","Hkr","Plw","4:00","5:00",60
"583","23-Oct-14","8:35","Hkr","Plw","Hkr","0:00","4:00",240
"584","25-Oct-14","10:02","Asg","Asg","Hmp","0:20","1:00",40
"585","25-Oct-14","10:02","Asg","Asg","Hmp","2:10","3:00",50
"586","25-Oct-14","10:02","Asg","Asg","Kng","3:00","3:30",30
"587","25-Oct-14","10:02","Asg","Hmp","Asg","1:00","2:10",70
"588","25-Oct-14","10:02","Asg","Hmp","Asg","3:30","5:00",90
"589","25-Oct-14","10:02","Asg","Kng","Asg","3:35","5:00",85
"590","26-Oct-14","10:16","Dam","Mty","Dam","1:40","5:00",200
"591","26-Oct-14","10:21","Mty","Dam","Mty","0:00","0:45",45
"592","2-Nov-14","8:55","Hee","Hee","Nak","2:00","4:20",140
"593","2-Nov-14","8:55","Hee","Hee","Som","4:20","5:00",40
"594","2-Nov-14","8:55","Hee","Nak","Hee","0:00","2:00",120
"595","5-Nov-14","8:45","Kmy","Kmy","Poo","0:00","0:45",45
"596","5-Nov-14","9:10","Mty","Kmk","Mty","0:00","0:40",40
"597","5-Nov-14","9:10","Mty","Kmk","Mty","1:50","4:15",145
"598","5-Nov-14","9:10","Mty","Mty","Kmk","0:40","1:50",70
"599","5-Nov-14","9:10","Mty","Mty","Kmk","4:25","5:00",35
"600","5-Nov-14","9:15","Fhn","Hmp","Fhn","0:00","5:00",300
"601","5-Nov-14","9:34","Hmp","Hmp","Fhn","0:00","5:00",300
"602","5-Nov-14","9:46","Mrk","Kng","Mrk","0:00","5:00",300
"603","7-Nov-14","9:32","Jgr","Chk","Jgr","0:00","3:05",185
"604","7-Nov-14","9:38","Plw","Plw","Kmy","0:00","0:30",30
"605","18-Nov-14","7:43","Pri","Poo","Pri","2:15","3:40",85
